month,day,t (day N),DemHeat,DemSteam,GenE,DemE (F - F*OwnUse%),OwnUse,Temp.Out(Deg.C),Heat load (MW),Steam load (MW),Electricity load (MW)
Jan19,1,1,6372.804672,2893.37087645905,6017.25078260868,4916.093889391292,0.183,-20,308.60306624159995,140.1114846925295,204.8372453913038
Jan19,2,2,6247.816632,3002.2433990261643,6449.565739130433,5269.295208869564,0.183,-23,302.5505204046,145.38363659784198,219.55396703623182
Jan19,3,3,5994.311232,3300.262110552925,6263.262260869567,5117.0852671304365,0.183,-26,290.27452140959997,159.81519270352538,213.21188613043486
Jan19,4,4,5909.638296,3561.8610148542184,6116.2848695652165,4997.004738434782,0.183,-25,286.1742344838,172.4831196443155,208.2085307681159
Jan19,5,5,5999.450208,3493.7239868704837,6167.025217391305,5038.4596026086965,0.183,-19,290.5233763224,169.18358406420316,209.93581677536235
Jan19,6,6,5952.764064,3344.174532045939,5996.719391304349,4899.319742695653,0.183,-16,288.26259979919996,161.9416517143246,204.1383226123189
Jan19,7,7,6029.19468,3194.265165854788,6426.621043478261,5250.549392521739,0.183,-18,291.96375237899997,154.6822906565181,218.77289135507246
Jan19,8,8,6136.1424480000005,3043.9984542163256,6772.22704347826,5532.909494521738,0.183,-16,297.1426980444,147.40562514542555,230.53789560507244
Jan19,9,9,6212.084208,2811.0700267132597,6597.764260869566,5390.373401130435,0.183,-12,300.8201777724,136.1260660435896,224.59889171376813
Jan19,10,10,6122.102616,1613.9366899311703,6433.509826086957,5256.177527913044,0.183,-15,296.46281917979996,78.15488420991691,219.00739699637685
Jan19,11,11,5880.772968,1410.5904241618723,6547.594869565217,5349.385008434782,0.183,-24,284.7764309754,68.30784129003867,222.89104201811594
Jan19,12,12,5766.997944000001,1349.223581458514,7261.559391304346,5932.69402269565,0.183,-21,279.2668754382,65.33615193212853,247.19558427898542
Jan19,13,13,6099.456912,1481.5130592407163,7431.032086956522,6071.153215043479,0.183,-19,295.36620096359997,71.74226989373169,252.9647172934783
Jan19,14,14,6644.671968000001,2469.546980768011,7077.893565217393,5782.63904278261,0.183,-14,321.7682400504,119.58781254369092,240.94329344927542
Jan19,15,15,7124.682432,2436.2904575632533,6852.064260869568,5598.136501130437,0.183,-7,345.01274676959997,117.97736540750053,233.25568754710153
Jan19,16,16,7020.915047999999,1642.0045440553058,6792.417739130433,5549.405292869564,0.183,-10,339.9878111993999,79.51407004587817,231.22522053623183
Jan19,17,17,6905.156568,1991.1333285696087,6585.682521739129,5380.502620260868,0.183,-17,334.3822068054,96.4206314359833,224.18760917753616
Jan19,18,18,7052.5866000000005,2013.8011187078728,6424.694608695651,5248.9754953043475,0.183,-14,341.521506105,97.51831917342872,218.70731230434782
Jan19,19,19,7317.228408000001,1656.6598697530994,7102.133217391305,5802.442838608697,0.183,-10,354.3367856574,80.22375419279383,241.7684516086957
Jan19,20,20,7313.895216,1741.338099465628,6640.281130434783,5425.109683565218,0.183,-2,354.1753758348,84.32429746662302,226.0462368152174
Jan19,21,21,7019.464272000001,1736.0567431077368,6875.517217391303,5617.297566608695,0.183,-6,339.9175573716,84.06854778499215,234.0540652753623
Jan19,22,22,7063.110264000001,1433.3197832503597,7702.169652173914,6292.672605826088,0.183,-10,342.0311145342,69.40851050389865,262.1946919094203
Jan19,23,23,7012.621872000001,1577.3542304359012,6400.129043478262,5228.905428521741,0.183,-15,339.5862141516,76.38337860885851,217.8710595217392
Jan19,24,24,6913.707048,1900.8303945577309,5977.06747826087,4883.264129739131,0.183,-15,334.7962637994,92.04771185645812,203.46933873913045
Jan19,25,25,6731.558616,1976.9411097794414,7042.84495652174,5754.004329478261,0.183,-18,325.97572597979996,95.73337324106944,239.75018039492753
Jan19,26,26,6565.505448,1980.7840903004271,7385.577391304347,6034.016728695651,0.183,-13,317.9346013194,95.91946957279818,251.41736369565214
Jan19,27,27,6601.943064,2113.615296410416,7005.884173913044,5723.807370086957,0.183,-20,319.69909287419995,102.35182072867438,238.49197375362323
Jan19,28,28,6636.919175999999,3260.341776778677,6768.006608695652,5529.461399304348,0.183,-27,321.39281109779995,157.8820505405074,230.3942249710145
Jan19,29,29,6758.494967999999,2612.8077798147774,6723.093739130434,5492.767584869565,0.183,-26,327.28011882539994,126.52521673753058,228.8653160362319
Jan19,30,30,6779.913672,2833.8062592998476,6788.788782608695,5546.440435391304,0.183,-21,328.31731956659996,137.2270681065951,231.101684807971
Jan19,31,31,6730.985688000001,3804.436202736421,5800.453739130434,4738.9707048695645,0.183,-16,325.9479819414,184.22982311751116,197.4571127028985
Feb19,1,32,6763.1619359999995,3472.032442902371,5847.182173913045,4800.536564782609,0.179,-27,327.50611675079995,168.13317104754728,200.02235686594204
Feb19,2,33,6934.785288,3940.6374652792256,7345.341478260867,6030.525353652172,0.179,-23,335.81697757139995,190.82536925614647,251.2718897355072
Feb19,3,34,6908.443848000001,4011.238677069921,7490.642782608696,6149.817724521739,0.179,-19,334.54139333940003,194.24423293711092,256.2424051884058
Feb19,4,35,6767.282952,4017.0443240366085,6339.359565217392,5204.6142030434785,0.179,-27,327.7056769506,194.52537139147273,216.8589251268116
Feb19,5,36,7019.447303999999,4041.056468620615,6274.7374782608695,5151.559469652174,0.179,-29,339.91673569619996,195.68815949295325,214.64831123550724
Feb19,6,37,7053.535848,3353.160311167691,6025.110173913044,4946.615452782609,0.179,-27,341.5674734394,162.3767880682954,206.1089771992754
Feb19,7,38,6787.380096,2740.606598847143,5639.132956521738,4629.728157304347,0.179,-32,328.6788811488,132.71387454917289,192.90533988768115
Feb19,8,39,6782.512272,2872.849966535321,5651.018260869566,4639.4859921739135,0.179,-32,328.44315677159994,139.1177596294729,193.31191634057973
Feb19,9,40,6882.361559999999,3837.2838815598043,6508.411652173912,5343.405966434782,0.179,-26,333.2783585429999,185.82047196453348,222.64191526811592
Feb19,10,41,6666.3114239999995,4339.765601432511,7122.2014782608685,5847.327413652173,0.179,-16,322.81613070719993,210.15314924936933,243.6386422355072
Feb19,11,42,6608.855472000001,4450.923136467465,7161.19852173913,5879.343986347826,0.179,-20,320.0338262316,215.53595288343698,244.97266609782608
Feb19,12,43,6701.101296000001,4070.391602920705,7433.015217391305,6102.505493478261,0.179,-20,324.5008302588,197.1087133714351,254.2710622282609
Feb19,13,44,6646.274831999999,3485.339271780362,7414.025652173912,6086.9150604347815,0.179,-18,321.8458587395999,168.77755423596403,253.62146085144923
Feb19,14,45,6590.3454,3475.9508666826523,7517.082434782609,6171.524678956523,0.179,-18,319.137475995,168.32292071910743,257.14686162318844
Feb19,15,46,6530.345856,2895.298942941179,6607.480086956521,5424.741151391303,0.179,-16,316.2319980768,140.2048513119266,226.03088130797096
Feb19,16,47,6499.089840000001,3881.2522950928715,6258.363304347826,5138.116272869565,0.179,-9,314.718425502,187.9496423898723,214.08817803623188
Feb19,17,48,6468.682224,3835.239401433778,6876.678521739132,5645.753066347827,0.179,-2,313.24593669719997,185.72146801443068,235.23971109782613
Feb19,18,49,6244.5772799999995,3266.7974607956953,6856.757130434785,5629.397604086958,0.179,-5,302.3936547839999,158.19466703903154,234.55823350362326
Feb19,19,50,6207.045623999999,2100.526426777473,6895.710608695652,5661.378409739131,0.179,-4,300.57618434219995,101.7179922166991,235.89076707246377
Feb19,20,51,6303.85296,2275.247736808001,7235.939217391306,5940.706097478262,0.179,0,305.264079588,110.17887165492743,247.5294207282609
Feb19,21,52,6382.378536,2196.1050883744488,6997.58339130435,5745.015964260871,0.179,-6,309.06668060579995,106.34638890453267,239.37566517753632
Feb19,22,53,6452.457984000001,2264.9358519023017,6081.844782608696,4993.194566521739,0.179,-10,312.4602778752,109.67951862836895,208.04977360507246
Feb19,23,54,6550.200887999999,2060.0678348885235,6180.510086956523,5074.198781391306,0.179,-13,317.1934780013999,99.75878490447674,211.42494922463774
Feb19,24,55,6599.316191999999,2318.551035880991,7313.937826086956,6004.742955217391,0.179,-12,319.5718865975999,112.27583391253698,250.19762313405795
Feb19,25,56,6667.593264000001,2208.703790012383,7250.593391304348,5952.73717426087,0.179,-12,322.8782038092,106.95648103134964,248.03071559420292
Feb19,26,57,6639.8334239999995,1929.4111820973046,7153.314782608693,5872.871436521737,0.179,-11,321.53393355719993,93.43173649306198,244.70297652173906
Feb19,27,58,6034.408751999999,1755.4329982647487,6859.29808695652,5631.483729391302,0.179,-4,292.21624381559997,85.00684294097044,234.64515539130426
Feb19,28,59,5840.02356,1601.4089106879696,7104.406000000003,5832.717326000002,0.179,-7,282.8031408929999,77.54822650006493,243.02988858333342
Mar19,1,60,5743.457976,1943.5660694901867,7410.954521739131,6099.215571391305,0.177,-13,278.1269524878,94.11718691506229,254.1339821413044
Mar19,2,61,5887.457976,1570.3901583115141,7456.084695652176,6136.357704521741,0.177,-11,285.10015248779996,76.04614341623507,255.6815710217392
Mar19,3,62,5743.457976,1631.8627714932218,7142.152086956521,5877.9911675652165,0.177,-3,278.1269524878,79.02295470955926,244.91629864855068
Mar19,4,63,5026.209672,1649.5103342384932,6938.065913043478,5710.028246434782,0.177,0,243.39420336659998,79.87753793549903,237.91784360144925
Mar19,5,64,6043.021632,1595.085936571224,7162.3830434782585,5894.641244782607,0.177,-7,292.6333225296,77.24203647846151,245.61005186594195
Mar19,6,65,5426.291592,1719.310298862003,7226.0270434782615,5947.020256782609,0.177,-5,262.76817034259994,83.2576012223925,247.79251069927537
Mar19,7,66,5578.688088,1667.8605074623067,6544.793217391302,5386.364817913041,0.177,-2,270.14797066139994,80.7661450738622,224.4318674130434
Mar19,8,67,5519.732424,1856.4770842846983,6824.147217391303,5616.273159913042,0.177,-6,267.29304263219996,89.89990280648651,234.0113816630434
Mar19,9,68,5226.3420719999995,1498.975784779407,6967.032869565217,5733.868051652174,0.177,-9,253.08561483659994,72.58790237794277,238.91116881884057
Mar19,10,69,5424.240048,1312.655537479382,6607.767478260868,5438.192634608695,0.177,-12,262.66882432439996,63.565344402439074,226.5913597753623
Mar19,11,70,4821.399432,1474.6149851986497,6118.545652173913,5035.5630717391305,0.177,-9,233.47626749459997,71.4082306582446,209.81512798913045
Mar19,12,71,6008.924728,1614.4161579739316,5649.327739130435,4649.396729304348,0.177,0,290.98217995339996,78.17810244988763,193.7248637210145
Mar19,13,72,5263.5700799999995,2017.4189342461536,5573.517043478261,4587.004526782609,0.177,-4,254.88838112399995,97.69351189086997,191.12518861594205
Mar19,14,73,5364.465264,3608.517618733913,5886.455043478261,4844.552500782609,0.177,-2,259.7742304092,174.7424656871897,201.8563541992754
Mar19,15,74,5318.939256,3300.4575973561923,6274.290782608696,5163.741314086957,0.177,-2,257.56963347179993,159.8246591519736,215.15588808695654
Mar19,16,75,5378.959704,1853.558132290323,6158.530695652173,5068.470762521738,0.177,-2,260.47612366619995,89.75855255615888,211.1862817717391
Mar19,17,76,5351.255664,1732.5336428238709,6301.460521739129,5186.102009391303,0.177,-6,259.1345555292,83.89794165374595,216.08758372463762
Mar19,18,77,5626.832928,2022.978494470961,5936.6001739130415,4885.821943130433,0.177,-7,272.4793845384,97.96273359475629,203.57591429710138
Mar19,19,78,5646.843744,2076.2624317342197,5440.167043478261,4477.257476782609,0.177,-7,273.4484083032,100.54300825672958,186.55239486594203
Mar19,20,79,5447.810208000001,1567.089434299971,5561.519043478262,4577.130172782609,0.177,-6,263.8102093224,75.88630585597609,190.7137571992754
Mar19,21,80,5262.400968,1778.0454957335337,6295.7333043478275,5181.388509478262,0.177,-5,254.83176687539995,86.10185313089636,215.89118789492758
Mar19,22,81,5180.234112,2909.684373147752,6428.48947826087,5290.646840608696,0.177,-1,250.85283687359995,140.90146576967987,220.44361835869566
Mar19,23,82,5102.494656000001,3275.4890806098524,6085.68356521739,5008.517574173912,0.177,1,247.08830371680003,158.61555872853208,208.68823225724634
Mar19,24,83,5080.034808,3202.727387563551,5608.250434782607,4615.590107826086,0.177,0,246.0006855774,155.09207374276494,192.3162544927536
Mar19,25,84,4789.619736,3049.9627332581977,5435.91695652174,4473.759655217392,0.177,1,231.93733571579995,147.69444535802822,186.40665230072466
Mar19,26,85,5134.0942319999995,3111.126388557822,5914.65,4867.75695,0.177,2,248.61851318459995,150.6562953659125,202.82320625
Mar19,27,86,4781.968008,3349.9759727930805,5686.797652173912,4680.234467739129,0.177,3,231.56680078739998,162.2225864825049,195.00976948913038
Mar19,28,87,4744.546848,3196.142477259738,5174.770956521739,4258.836497217391,0.177,0,229.75468111439997,154.7731994613028,177.4515207173913
Mar19,29,88,4595.699112,3457.7631984887366,4675.636173913044,3848.0485711304354,0.177,6,222.5467294986,167.44218288681705,160.3353571304348
Mar19,30,89,4565.574672000001,2844.9450095982484,4619.551739130434,3801.891081304347,0.177,6,221.08795349160002,137.76646208979517,158.41212838768112
Mar19,31,90,4371.510288,2762.4568886994603,4820.810956521738,3967.5274172173904,0.177,4,211.6903856964,133.77197483527135,165.31364238405794
Apr19,1,91,4341.058632,1792.172553209498,5074.302521739131,4191.373882956523,0.174,4,210.2157642546,86.78595588916993,174.64057845652178
Apr19,2,92,4293.058632,2024.9449673331997,5260.3206956521735,4345.024894608696,0.174,8,207.8913642546,98.05796004311019,181.042703942029
Apr19,3,93,4341.058632,1779.031253131922,5546.270869565217,4581.219738260869,0.174,7,210.2157642546,86.14958843291332,190.88415576086956
Apr19,4,94,4375.486632,2024.7325917690005,5489.448608695652,4534.284550782609,0.174,9,211.8829401546,98.04767575641385,188.92852294927536
Apr19,5,95,4033.65072,1765.9502157193488,6021.335652173912,4973.6232486956515,0.174,7,195.32953611599999,85.51613919620945,207.23430202898547
Apr19,6,96,4010.3999999999996,1931.801557268714,6540.774086956523,5402.679395826088,0.174,4,194.20361999999997,93.54749041073747,225.11164149275365
Apr19,7,97,4211.61324,2098.1612487243237,6719.927304347825,5550.659953391303,0.174,3,203.94737114699998,101.60345846947537,231.27749805797097
Apr19,8,98,4125.299424,2115.600853203671,6714.337130434785,5546.042469739132,0.174,4,199.7676246072,102.44797131638775,231.08510290579716
Apr19,9,99,4163.674272,2084.9923275124165,6740.7370434782615,5567.848797913044,0.174,4,201.6259266216,100.96575345978876,231.9936999130435
Apr19,10,100,3815.144856,2559.316905834571,6787.271913043476,5606.286600173911,0.174,6,184.74838965179995,123.9349211650391,233.5952750072463
Apr19,11,101,4176.418847999999,2651.0289213267406,6678.47008695652,5516.416291826086,0.174,6,202.24308271439995,128.3760755152474,229.85067882608692
Apr19,12,102,3824.071224,2373.1380348936127,6687.748782608697,5524.080494434784,0.174,8,185.1806490222,114.91920933972318,230.17002060144932
Apr19,13,103,4017.1320000000005,2143.0262644954896,6519.759739130435,5385.321544521739,0.174,10,194.5296171,103.77604685819408,224.3883976884058
Apr19,14,104,3777.1792319999995,2256.7490254342583,6018.948173913045,4971.651191652176,0.174,13,182.90990430959997,109.28307155665395,207.15213298550734
Apr19,15,105,4076.452056,2424.811478931075,6004.257739130435,4959.5168925217395,0.174,2,197.40219081179998,117.4214958672373,206.6465371884058
Apr19,16,106,4168.396728,2529.442900620726,6087.380173913042,5028.176023652173,0.174,-1,201.85461155339996,122.48827246255865,209.50733431884055
Apr19,17,107,4456.837464,2383.456471738073,6149.72947826087,5079.676549043478,0.174,4,215.8223541942,115.41887964391618,211.65318954347825
Apr19,18,108,4517.101632,1708.7012200113486,6137.0201739130425,5069.178663652173,0.174,-4,218.74064652959999,82.74385657904955,211.21577765217387
Apr19,19,109,4438.952232,1764.0113947818618,6105.291304347827,5042.970617391305,0.174,-3,214.95626183459999,85.42225179231166,210.12377572463768
Apr19,20,110,4430.80728,1657.8056633063577,6205.789130434781,5125.981821739129,0.174,1,214.561842534,80.27923924561036,213.58257590579706
Apr19,21,111,4427.904144,1759.235471184107,6491.666260869566,5362.116331478262,0.174,3,214.42125817319996,85.19097769209037,223.42151381159422
Apr19,22,112,4406.196288,1845.877304524864,6680.8524347826105,5518.384111130436,0.174,4,213.37005524639997,89.38660847161653,229.9326712971015
Apr19,23,113,4283.755824,1987.4699168616266,6559.693217391305,5418.306597565218,0.174,6,207.44087577719998,96.24323072402426,225.76277489855076
Apr19,24,114,4208.394744,2115.3169586737567,6404.57295652174,5290.177262086957,0.174,8,203.7915154782,102.43422372377665,220.42405258695655
Apr19,25,115,4104.685152,2281.1967718974156,6529.342695652174,5393.237066608696,0.174,10,198.7693784856,110.46695367913235,224.71821110869567
Apr19,26,116,4096.223975999999,2180.4316795851887,6581.094173913043,5435.983787652173,0.174,6,198.35964603779996,105.58740408391276,226.49932448550723
Apr19,27,117,4052.1978,2112.721154249434,6279.861652173911,5187.165724695651,0.174,5,196.22767846499997,102.30852189452884,216.13190519565214
Apr19,28,118,4070.7354000000005,1961.051692787658,6086.39947826087,5027.365969043479,0.174,10,197.125361745,94.96392822324235,209.47358204347827
Apr19,29,119,3772.4954879999996,2186.7368855443206,5980.760695652174,4940.108334608696,0.174,16,182.68309400639995,105.89273368248371,205.83784727536235
Apr19,30,120,1894.7340960000001,2223.0870745916714,5886.194956521739,4861.997034086957,0.174,12,91.7524985988,107.65299158710167,202.5832097536232
May19,1,121,1203.666168,2411.5686644533853,5856.065391304346,4860.534274782607,0.17,1,58.2875341854,116.78021257615518,202.5222614492753
May19,2,122,1341.805584,2132.0842590266325,6065.97252173913,5034.757193043478,0.17,3,64.9769354052,103.24618024336468,209.7815497101449
May19,3,123,1282.3501919999999,1846.0482175876937,6060.996695652175,5030.627257391305,0.17,6,62.09780804759999,89.39488493668405,209.60946905797104
May19,4,124,985.83204,2427.1002045301802,5913.828695652173,4908.477817391304,0.17,9,47.738916536999994,117.53232740437397,204.51990905797098
May19,5,125,1266.265104,2896.55396890586,5892.738347826085,4890.972828695651,0.17,13,61.318887661199994,140.26562594426625,203.79053452898543
May19,6,126,942.5159279999999,2703.6040401598193,6025.7191304347825,5001.34687826087,0.17,16,45.641333813399996,130.92202564473925,208.38945326086957
May19,7,127,819.0719760000001,2149.468770764457,6094.150869565218,5058.145221739131,0.17,17,39.6635604378,104.08802522426883,210.7560509057971
May19,8,128,1277.32788,2110.9527929548885,6019.043565217392,4995.806159130435,0.17,19,61.854602588999995,102.22288899884046,208.15858996376812
May19,9,129,948.092664,1952.2730464944616,5893.444173913043,4891.5586643478255,0.17,19,45.9113872542,94.53882227649429,203.81494434782607
May19,10,130,890.952,1776.073315076547,5872.145913043479,4873.881107826087,0.17,16,43.144350599999996,86.00635028258178,203.0783794927536
May19,11,131,964.6368,2082.9723076073205,6109.8395652173895,5071.166839130433,0.17,13,46.712537039999994,100.86793399588448,211.29861829710137
May19,12,132,941.1120000000001,2229.64478290096,6097.1471304347815,5060.632118260868,0.17,14,45.5733486,107.97054861197897,210.85967159420284
May19,13,133,1302.386616,2085.505880274933,6048.017826086956,5019.854795652173,0.17,9,63.068071879799994,100.99062225231363,209.16061648550723
May19,14,134,1023.384,2151.0864493295794,6201.043043478261,5146.865726086957,0.17,4,49.5573702,104.16636130878487,214.45273858695654
May19,15,135,1082.7168,1860.8009682326483,5379.944869565217,4465.35424173913,0.17,4,52.43056103999999,90.10928688666598,186.05642673913042
May19,16,136,1155.1704,1729.9976839444664,5453.006173913043,4525.995124347826,0.17,4,55.939126619999996,83.77513784501078,188.58313018115942
May19,17,137,1860.713064,2150.286855920551,4436.160086956521,3682.0128721739125,0.17,7,90.10503012419998,104.12764099795267,153.41720300724634
May19,18,138,1766.0267039999999,1785.42042466667,3831.5690434782605,3180.202306086956,0.17,15,85.51984314119998,86.45898406448349,132.50842942028984
May19,19,139,1712.484504,1462.1914863864022,3782.3474782608705,3139.3484069565225,0.17,15,82.9270621062,70.80662272826152,130.80618362318845
May19,20,140,1746.62748,1770.9156920037367,3835.833565217391,3183.7418591304345,0.17,13,84.580435719,85.75659238528094,132.65591079710143
May19,21,141,1407.8839679999999,2342.5889020914465,3997.8244347826076,3318.194280869564,0.17,10,68.17678115039999,113.43986758377828,138.25809503623182
May19,22,142,1562.1020160000003,2090.936246173007,3970.3251304347827,3295.3698582608695,0.17,9,75.64479012480001,101.25358772092785,137.30707742753623
May19,23,143,1458.43812,1958.921363545069,3757.83452173913,3119.002653043478,0.17,9,70.624865961,94.86076702966996,129.95844387681157
May19,24,144,1535.976024,1850.8714698429317,3733.779217391305,3099.0367504347832,0.17,14,74.37963896219999,89.62845092714396,129.12653126811597
May19,25,145,1372.4266320000002,1694.0722999634336,4794.489043478261,3979.4259060869567,0.17,17,66.4597596546,82.03545112572927,165.8094127536232
May19,26,146,1409.246208,1423.4718510940652,5719.595826086956,4747.264535652173,0.17,9,68.24274762239999,68.9316243892301,197.80268898550722
May19,27,147,736.109856,2190.7850688100775,5194.39547826087,4311.3482469565215,0.17,11,35.6461197768,106.08876695712799,179.63951028985505
May19,28,148,684.981576,1971.2928788036775,5271.147304347826,4375.052262608696,0.17,15,33.1702328178,95.45985765606808,182.29384427536232
May19,29,149,679.28268,1495.1688940697422,5528.939826086955,4589.020055652172,0.17,20,32.894263779,72.40355369532726,191.20916898550718
May19,30,150,241.806192,1622.3922270992475,4959.517217391305,4116.399290434783,0.17,20,11.709464847599998,78.56434359728105,171.5166371014493
May19,31,151,771.1162320000001,1543.2507875871402,4970.971826086956,4125.906615652173,0.17,16,37.3413035346,74.73191938890726,171.91277565217388
Jun19,1,152,754.3679999999999,1672.6197326996241,4648.900608695652,3839.991902782609,0.174,19,36.53027039999999,80.99661055597929,159.99966261594204
Jun19,2,153,685.0464000000001,1657.1994215268842,4271.254347826087,3528.056091304348,0.174,16,33.17337192,80.24988198743937,147.00233713768117
Jun19,3,154,703.488,1286.2892848127256,4413.806608695652,3645.804258782609,0.174,18,34.0664064,62.28855861705623,151.90851078260872
Jun19,4,155,747.7044000000001,1318.3394966629778,4311.610869565218,3561.3905782608704,0.174,16,36.20758557,63.8405901259047,148.39127409420294
Jun19,5,156,1368.257736,1716.664871963006,3726.775130434782,3078.31625773913,0.174,20,66.2578808658,83.12949642480855,128.26317740579708
Jun19,6,157,991.6800000000001,1637.8710359898146,3843.796782608696,3174.976142434783,0.174,14,48.022104000000006,79.31390491780677,132.2906726014493
Jun19,7,158,787.54512,2138.038889134493,4107.32852173913,3392.6533589565215,0.174,15,38.136872436,103.53453320633781,141.3605566231884
Jun19,8,159,1222.813968,2296.413496841527,5287.232956521739,4367.254422086957,0.174,17,59.21476640039999,111.20382358455093,181.9689342536232
Jun19,9,160,1026.06984,2309.1147423781613,5800.159826086955,4790.932016347825,0.174,15,49.687432002,111.81888139966246,199.62216734782604
Jun19,10,161,1047.216,1933.7304573727624,5694.415913043478,4703.587544173914,0.174,14,50.711434799999985,93.64089739827601,195.98281434057972
Jun19,11,162,897.8399999999999,1979.681512117427,5727.419913043477,4730.848848173912,0.174,18,43.47790199999999,95.8660772242864,197.11870200724636
Jun19,12,163,805.0464,2158.4080460244377,5678.03504347826,4690.056945913043,0.174,21,38.984371919999994,104.52090962873338,195.41903941304346
Jun19,13,164,881.76,2209.6938807929346,5412.582521739131,4470.793162956523,0.174,21,42.699228,107.00442617739786,186.28304845652178
Jun19,14,165,1020.24,2354.949372429578,4486.968521739131,3706.235998956522,0.174,14,49.405122,114.03842335990231,154.42649995652175
Jun19,15,166,948.48,1814.2845155489786,4271.935565217391,3528.618776869565,0.174,14,45.93014399999999,87.85672766545927,147.0257823695652
Jun19,16,167,962.8799999999999,2083.097474298497,3918.821999999999,3236.9469719999993,0.174,12,46.627463999999996,100.87399519290472,134.87279049999998
Jun19,17,168,996.72,1106.7855201883028,5285.9259999999995,4366.174875999999,0.174,15,48.266166,53.596088815118556,181.92395316666662
Jun19,18,169,876.48,1010.4366912056298,5433.047130434783,4487.696929739131,0.174,16,42.443543999999996,48.930396771632616,186.98737207246378
Jun19,19,170,860.64,944.5398431907464,4824.348260869565,3984.911663478261,0.174,15,41.676491999999996,45.73934190651189,166.03798597826088
Jun19,20,171,832.3199999999999,1087.1837511447354,4030.9911304347834,3329.5986737391313,0.174,17,40.30509599999999,52.64687314918381,138.7332780724638
Jun19,21,172,924.96,1684.6300713901492,3933.9986956521734,3249.4829226086954,0.174,19,44.791188,81.57821120706797,135.3951217753623
Jun19,22,173,951.5999999999999,2005.1817334639736,3713.6093043478268,3067.441285391305,0.174,19,46.08123,97.1009254429929,127.81005355797105
Jun19,23,174,962.64,1931.6700356795204,2863.3654782608696,2365.1398850434784,0.174,13,46.615841999999994,93.54112147778078,98.54749521014493
Jun19,24,175,1018.3199999999999,2098.3520811806197,2368.4878260869564,1956.370944347826,0.174,16,49.31214599999999,101.61269953117151,81.51545601449276
Jun19,25,176,938.64,2471.1396314500234,4034.815391304347,3332.7575132173906,0.174,20,45.453641999999995,119.66493665296737,138.86489638405794
Jun19,26,177,964.639128,2531.997128399964,5515.8713913043475,4556.109769217391,0.174,24,46.712649773399995,122.61196094276823,189.83790705072462
Jun19,27,178,975.053952,2732.4759689801913,4796.34852173913,3961.783878956521,0.174,21,47.21698762559999,132.32014879786576,165.07432828985506
Jun19,28,179,483.33477600000003,2828.4541031997296,3567.430782608696,2946.697826434783,0.174,15,23.405486527799997,136.96788994744688,122.77907610144929
Jun19,29,180,840.5456879999999,2893.4695006061943,3711.853391304348,3065.990901217391,0.174,16,40.703424941399994,140.11626056685495,127.74962088405796
Jun19,30,181,1279.9913999999999,2700.6052881904707,4333.897478260869,3579.7993170434784,0.174,16,61.98358354499999,130.77681108062353,149.1583048768116
Jul19,1,183,1103.708184,1954.7370211880827,4558.139217391305,3733.1160190434784,0.181,17,53.4470688102,94.65814025103289,155.54650079347826
Jul19,2,184,959.7081840000001,2176.230538147447,4595.114782608697,3763.399006956523,0.181,18,46.4738688102,105.3839638097901,156.8082919565218
Jul19,3,185,1031.708184,2043.462724428301,4786.840695652174,3920.4225297391304,0.181,21,49.960468810200005,98.95468243044047,163.35093873913044
Jul19,4,186,865.294824,2286.5556688395122,4219.919913043477,3456.114408782608,0.181,21,41.90190185219999,110.72645826355337,144.00476703260867
Jul19,5,187,1173.331992,2174.4787087390077,3794.461739130435,3107.664164347826,0.181,21,56.81860171259999,105.29913147068645,129.48600684782608
Jul19,6,188,1106.9544,1782.4975023491809,3816.9124347826096,3126.0512840869574,0.181,24,53.60426682,86.31744155125908,130.25213683695657
Jul19,7,189,847.821048,1936.6737358728567,4598.948695652174,3766.5389817391306,0.181,22,41.0557342494,93.78342565964307,156.93912423913045
Jul19,8,190,1011.1688879999999,1724.0375594941115,4984.306782608695,4082.1472549565215,0.181,20,48.96585340139999,83.48651881850235,170.08946895652173
Jul19,9,191,987.8433120000001,1911.3302684529615,3473.0600000000004,2844.4361400000003,0.181,21,47.836312383599996,92.55616824983464,118.5181725
Jul19,10,192,867.101976,2285.0680256172204,3354.3447826086954,2747.2083769565215,0.181,20,41.9894131878,110.65441914051388,114.46701570652174
Jul19,11,193,718.559424,2584.425869077276,3458.188260869564,2832.256185652173,0.181,20,34.7962401072,125.15082271006708,118.01067440217388
Jul19,12,194,770.354928,3096.641015067097,3342.130434782609,2737.204826086957,0.181,21,37.3044373884,149.95484115462418,114.05020108695653
Jul19,13,195,629.0066400000001,2978.7934795123024,3475.08347826087,2846.0933686956523,0.181,23,30.459646542,144.24807424538324,118.58722369565218
Jul19,14,196,557.574384,2527.028893639849,4841.319130434784,3965.040367826088,0.181,24,27.0005395452,122.37137417450965,165.21001532608702
Jul19,15,197,614.670936,2771.6950736988824,5568.891739130435,4560.922334347826,0.181,25,29.765440075799997,134.21933394386838,190.03843059782608
Jul19,16,198,661.257192,2026.7415483059067,5549.891739130435,4545.361334347826,0.181,23,32.0213795226,98.14495947671351,189.3900555978261
Jul19,17,199,575.011536,2397.3768658500744,4482.102608695653,3670.8420365217394,0.181,24,27.844933630799996,116.09297472878984,152.95175152173914
Jul19,18,200,586.708464,2809.6048839036785,4115.055217391306,3370.2302230434793,0.181,24,28.4113573692,136.05511650303563,140.4262592934783
Jul19,19,201,600.879912,2917.086166818384,4466.2478260869575,3657.856969565218,0.181,24,29.0976097386,141.25989762818023,152.41070706521742
Jul19,20,202,453.500592,1873.4476514843927,4575.744782608696,3747.5349769565223,0.181,23,21.9607661676,90.7217025231317,156.14729070652177
Jul19,21,203,617.2875359999999,1930.355782801104,4643.403043478261,3802.9470926086956,0.181,22,29.892148930799994,93.47747878214345,158.45612885869565
Jul19,22,204,538.606368,2108.5015988740993,4585.731739130434,3755.7142943478257,0.181,22,26.082013370399995,102.10418992547825,156.48809559782606
Jul19,23,205,606.706392,2107.028394135575,4508.678695652175,3692.607851739131,0.181,20,29.3797570326,102.03284998601521,153.85866048913047
Jul19,24,206,495.104688,1678.7557673380004,4433.662608695652,3631.1696765217393,0.181,19,23.9754445164,81.29374803334267,151.29873652173913
Jul19,25,207,599.722248,1887.4391917841622,3940.359565217391,3227.154483913043,0.181,20,29.041549859399996,91.39924286214806,134.46477016304345
Jul19,26,208,503.957304,1659.8863652469236,4210.752608695653,3448.60638652174,0.181,17,24.4041324462,80.37999723708226,143.69193277173918
Jul19,27,209,565.80756,1823.620810496251,4617.9760869565225,3782.122415217392,0.181,19,27.399231092999997,88.30883774828095,157.58843396739132
Jul19,28,210,610.00032,1164.896413232771,5300.79652173913,4341.352351304347,0.181,21,29.539265496,56.410108810796935,180.88968130434782
Jul19,29,211,645.990984,2540.8179015666783,5569.278695652174,4561.239251739131,0.181,25,31.2821134002,123.03910688336639,190.05163548913046
Jul19,30,212,619.1502,2312.717400829743,5659.742173913044,4635.328840434783,0.181,25,29.982348435000002,111.99334013518029,193.13870168478263
Jul19,31,213,688.759608,1828.8041604267887,6021.776521739131,4931.834971304348,0.181,24,33.3531840174,88.55984146866723,205.49312380434785
Aug19,1,214,1082.9544,1674.3548948357284,5439.3286956521715,4482.006845217389,0.176,27,52.44206682,81.08063578242015,186.75028521739122
Aug19,2,215,996.919032,1838.3128637254972,5209.416086956522,4292.558855652174,0.176,27,48.2758041246,89.0203004259072,178.85661898550725
Aug19,3,216,948.919032,2247.2417126010323,5290.960434782608,4359.751398260869,0.176,22,45.951404124599996,108.82267993270499,181.65630826086954
Aug19,4,217,1007.3254800000001,2176.7987797552832,5172.067826086957,4261.783888695652,0.176,23,48.779736369,105.41148090964958,177.57432869565218
Aug19,5,218,1110.471528,2038.2924281058954,4964.204782608695,4090.5047408695646,0.176,22,53.7745837434,98.70431083102797,170.43769753623187
Aug19,6,219,869.1120000000001,1854.4722831325503,4892.54391304348,4031.4561843478273,0.176,24,42.0867486,89.80282031069373,167.9773410144928
Aug19,7,220,585.977256,1856.1634857850968,4987.0,4109.2880000000005,0.176,26,28.375948621799996,89.8847167991433,171.22033333333334
Aug19,8,221,961.8766800000001,1249.7898683298815,5172.983043478259,4262.538027826085,0.176,22,46.578878229,60.52107437387451,177.60575115942024
Aug19,9,222,1000.1803439999999,1637.1934821458876,5367.018260869567,4422.423046956523,0.176,20,48.43373315819999,79.28109437291461,184.26762695652178
Aug19,10,223,1174.016904,1974.3107374306949,5431.056086956523,4475.1902156521755,0.176,18,56.851768576199994,95.60599746008138,186.46625898550732
Aug19,11,224,858.634368,1918.5392437700316,5444.254782608694,4486.065940869564,0.176,20,41.5793692704,92.90526287956378,186.91941420289848
Aug19,12,225,945.0436559999999,1706.5706287247804,5219.554782608695,4300.913140869565,0.176,24,45.763739041799994,82.64068269599748,179.20471420289854
Aug19,13,226,950.0667839999999,1661.8209516267514,5143.185652173911,4237.984977391303,0.176,24,46.00698401519998,80.47367958252543,176.5827073913043
Aug19,14,227,946.521168,2054.4878468488673,5213.141739130435,4295.628793043478,0.176,24,45.8352875604,99.4885739836564,178.98453304347825
Aug19,15,228,952.89084,2078.7581301651376,5285.123043478261,4354.9413878260875,0.176,19,46.143738926999994,100.66386245324678,181.4558911594203
Aug19,16,229,951.338256,2129.900292461276,5275.7773913043475,4347.240570434782,0.176,19,46.06855504679999,103.14042166243728,181.13502376811593
Aug19,17,230,960.4032000000001,2138.089682878152,5302.083913043479,4368.917144347826,0.176,19,46.507524960000005,103.53699289337449,182.03821434782608
Aug19,18,231,962.8344480000001,1689.966381111441,5267.742608695653,4340.619909565218,0.176,21,46.6252581444,81.83662200532153,180.85916289855075
Aug19,19,232,739.181208,2315.2901764943167,5284.645652173913,4354.548017391304,0.176,20,35.7948499974,112.11792679673728,181.43950072463767
Aug19,20,233,1348.4177519999998,1433.2985920687192,5327.517826086955,4389.8746886956515,0.176,19,65.29712964059999,69.40748432092772,182.9114453623188
Aug19,21,234,818.143368,1672.5807403772196,5099.094782608696,4201.654100869566,0.176,16,39.618592595399996,80.99472235276686,175.06892086956523
Aug19,22,235,867.157584,1253.7700846256616,5295.554782608697,4363.537140869566,0.176,16,41.9921060052,60.713816347997664,181.81404753623193
Aug19,23,236,1003.0622880000001,1405.8619743934446,5433.951304347827,4477.575874782609,0.176,17,48.573291296399994,68.07886611000255,186.56566144927538
Aug19,24,237,1084.761768,2348.620076869952,5564.719826086956,4585.329136695652,0.176,19,52.5295886154,113.73192722242742,191.05538069565216
Aug19,25,238,1248.6119760000001,1975.8470075895157,5612.155652173913,4624.4162573913045,0.176,21,60.4640349378,95.68039134252228,192.6840107246377
Aug19,26,239,961.246704,1985.4367842060753,5387.523043478262,4439.318987826087,0.176,22,46.5483716412,96.1447762751792,184.97162449275365
Aug19,27,240,942.0638640000001,1864.3696211624151,5700.134086956522,4696.910487652174,0.176,19,45.619442614200004,90.28209890478995,195.70460365217392
Aug19,28,241,1176.67416,2104.7498890196994,5590.597217391305,4606.652107130435,0.176,14,56.980446198,101.92251337577893,191.94383779710145
Aug19,29,242,953.633304,1476.2294049203692,5380.982608695653,4433.929669565217,0.176,18,46.1796927462,71.48640893326888,184.7470695652174
Aug19,30,243,1179.796488,1434.153692451964,5198.985913043479,4283.964392347827,0.176,21,57.13164493139999,69.44889255698635,178.49851634782613
Aug19,31,244,980.191104,1757.3778141073435,6416.8610434782595,5287.493499826086,0.176,14,47.46575421119999,85.1010206481481,220.31222915942024
Sep19,1,245,1078.65696,1937.0622389754199,6695.905217391304,5510.7299939130435,0.177,12,52.23396328799999,93.80223892238469,229.6137497463768
Sep19,2,246,1006.65696,2258.052219437406,5316.692173913043,4375.637659130434,0.177,12,48.747363287999995,109.34617872625638,182.31823579710144
Sep19,3,247,1198.65696,2110.2480536698004,5133.732434782609,4225.0617938260875,0.177,12,58.044963288,102.18876199896006,176.04424140942032
Sep19,4,248,1006.0511759999999,1755.5538121980123,6046.174434782608,4976.001559826086,0.177,11,48.71802819779999,85.01269335568874,207.33339832608692
Sep19,5,249,956.477664,1611.9871710947418,6602.419304347826,5433.791087478261,0.177,14,46.317430879199996,78.06047876026287,226.4079619782609
Sep19,6,250,1021.038,1887.9540682613817,5924.0638260869555,4875.504528869565,0.177,16,49.44376515,91.42417575555741,203.14602203623187
Sep19,7,251,963.895272,1264.593210207447,6341.150956521737,5218.767237217389,0.177,13,46.67662854659999,61.237926204295626,217.4486348840579
Sep19,8,252,1017.3846719999999,1027.5560467037135,6801.249130434782,5597.428034347826,0.177,12,49.26685274159999,49.75940156162732,233.22616809782608
Sep19,9,253,1009.117992,1212.3278097229436,6840.518086956523,5629.746385565219,0.177,11,48.866538762599994,58.70697418583354,234.57276606521745
Sep19,10,254,913.044624,904.6975171877316,6824.153043478262,5616.277954782609,0.177,11,44.21418591719999,43.8099772698159,234.01158144927538
Sep19,11,255,999.40128,1088.4854616266252,6800.408260869564,5596.735998695652,0.177,11,48.396006983999996,52.70990847926932,233.1973332789855
Sep19,12,256,1014.7484400000001,1320.6216013916805,6804.956000000002,5600.478788000002,0.177,9,49.139193207,63.95110104739212,233.35328283333342
Sep19,13,257,1124.933136,1552.5178487120668,6785.336173913045,5584.331671130436,0.177,13,54.474887110800005,75.18067682388183,232.6804862971015
Sep19,14,258,1032.083136,1784.1736383437224,6704.855478260869,5518.096058608695,0.177,15,49.9786258608,86.39860843679475,229.92066910869562
Sep19,15,259,1074.56736,1913.803068346512,6753.516869565219,5558.144383652176,0.177,15,52.035924408,92.67591358467983,231.58934931884065
Sep19,16,260,1116.3066,1649.1343851984293,5404.1360869565215,4447.603999565217,0.177,16,54.05714710499999,79.85933260323394,185.3168333152174
Sep19,17,261,1204.506936,1181.6301692841746,3808.5868695652184,3134.466993652175,0.177,15,58.328248375799994,57.22044094758615,130.60279140217395
Sep19,18,262,1187.796816,1419.3697548148148,3734.388173913044,3073.401467130435,0.177,18,57.51906081479999,68.7329803769074,128.0583944637681
Sep19,19,263,1171.344384,1187.1318933940674,3763.7442608695656,3097.5615266956524,0.177,19,56.72235179519999,57.486861937607706,129.06506361231885
Sep19,20,264,1132.117824,1156.8077900685703,3782.6584347826083,3113.127891826087,0.177,16,54.82280562719999,56.01841723407051,129.7136621594203
Sep19,21,265,1383.956208,1222.2699987575938,3788.533217391304,3117.962837913043,0.177,10,67.0180793724,59.188424689836474,129.9151182463768
Sep19,22,266,1265.28216,957.8212087293947,3776.7219130434783,3108.2421344347827,0.177,18,61.27128859799999,46.38249203272093,129.5100889347826
Sep19,23,267,1299.159408,993.6037682901942,3832.791043478261,3154.387028782609,0.177,15,62.9117943324,48.115262479452646,131.43279286594205
Sep19,24,268,1307.556984,1031.8497728932907,4681.463304347826,3852.844299478261,0.177,12,63.31844695019999,49.9673252523576,160.53517914492753
Sep19,25,269,1492.49268,1012.2750037211996,5585.819304347826,4597.129287478261,0.177,6,72.273958029,49.019417055199085,191.54705364492756
Sep19,26,270,1533.898944,1260.5772455655926,5618.339652173913,4623.89353373913,0.177,5,74.2790563632,61.043453116513824,192.66223057246376
Sep19,27,271,1907.105496,1378.9633209799163,5597.408,4606.666784,0.177,5,92.35158364379998,66.77629881845245,191.94444933333332
Sep19,28,272,1515.7430880000002,1681.782426941,5690.489826086956,4683.273126869564,0.177,7,73.3998590364,81.44031402461792,195.13638028623186
Sep19,29,273,2195.751144,1298.8549678960865,5742.176,4725.810848,0.177,4,106.32924914819999,62.89705182036798,196.90878533333333
Sep19,30,274,2375.1810960000003,841.8723196409754,5928.303739130435,4878.993977304348,0.177,4,115.0181445738,40.76766707861423,203.2914157210145
Oct19,1,276,2226.1910639999996,1365.009976802223,6833.010260869566,5507.40627026087,0.194,4,107.80330227419996,66.10060812664764,229.4752612608696
Oct19,2,277,2320.4446799999996,2334.487342520522,6711.353652173913,5409.351043652174,0.194,4,112.36753362899998,113.04754956155627,225.38962681884058
Oct19,3,278,2431.019616,2632.807365533258,6769.978521739131,5456.60268852174,0.194,5,117.7221249048,127.493696675948,227.3584453550725
Oct19,4,279,2652.828,2744.9374130584138,6818.525304347825,5495.731395304347,0.194,7,128.4631959,132.92359422735368,228.9888081376811
Oct19,5,280,2524.255176,2735.33544704042,5754.71452173913,4638.299904521738,0.194,10,122.2370568978,132.45861902293234,193.2624960217391
Oct19,6,281,2626.806792,2639.2106978443508,5632.455130434782,4539.758835130435,0.194,12,127.2031189026,127.80377804311267,189.1566181304348
Oct19,7,282,2507.027952,1976.4747891266559,5584.316782608695,4500.959326782608,0.194,13,121.40282857559998,95.7107916634583,187.53997194927533
Oct19,8,283,2568.0866880000003,1597.1248656674952,5509.497999999999,4440.655387999999,0.194,13,124.35959786640001,77.34077161994846,185.0273078333333
Oct19,9,284,3104.884368,1556.6847079689242,5649.202434782608,4553.257162434782,0.194,9,150.35402552039997,75.38245698339514,189.7190484347826
Oct19,10,285,2570.21184,1622.9645497732727,5673.644608695652,4572.957554608695,0.194,11,124.46250835199999,78.59205832277073,190.53989810869564
Oct19,11,286,2954.184768,1457.7538706162732,5620.393739130435,4530.037353739131,0.194,12,143.0563973904,70.59173118459303,188.75155640579712
Oct19,12,287,2942.3867760000003,1396.5296088451785,5723.379739130435,4613.0440697391305,0.194,10,142.4850796278,67.62694630832776,192.21016957246377
Oct19,13,288,3446.8451999999997,1829.8082870731764,6578.930608695652,5302.618070608696,0.194,8,166.91347881,88.60846630151856,220.94241960869567
Oct19,14,289,3471.338328,1687.6932888517342,6454.075826086959,5201.985115826089,0.194,11,168.09955853339997,81.72654751264523,216.74937982608705
Oct19,15,290,3839.1853200000005,2370.4721161038547,5662.444695652172,4563.930424695651,0.194,11,185.912549121,114.79011222232914,190.16376769565213
Oct19,16,291,4267.784088,2158.97523047467,6744.431999999999,5436.012191999999,0.194,9,206.6674444614,104.54837553573589,226.50050799999997
Oct19,17,292,4243.495656,1367.221704880957,7429.180173913044,5987.919220173913,0.194,5,205.49127714179997,66.20771105886034,249.49663417391307
Oct19,18,293,4662.367248,1523.3822606259755,7873.8605217391305,6346.331580521739,0.194,2,225.77513398439996,73.76978597081286,264.4304825217391
Oct19,19,294,5257.850568,1636.213792982631,6332.730086956522,5104.180450086957,0.194,2,254.61141375539998,79.2336529251839,212.67418542028986
Oct19,20,295,5268.98172,1530.0233736734165,4829.744347826087,3892.773944347826,0.194,-3,255.15043979099997,74.09138187013518,162.19891434782608
Oct19,21,296,5336.860608,1507.9988530376372,6516.179130434781,5252.040379130433,0.194,-5,258.4374749424,73.02484445834757,218.8350157971014
Oct19,22,297,5726.639928,1759.9321365915935,7909.264000000003,6374.866784000003,0.194,-7,277.31253851339994,85.2247137144479,265.6194493333334
Oct19,23,298,5561.209944,1832.1738937908083,7863.0241739130415,6337.597484173912,0.194,0,269.3015915382,88.72302080681987,264.06656184057965
Oct19,24,299,5255.294016,1630.281910124566,7737.644347826084,6236.541344347824,0.194,5,254.4876127248,78.9464014977821,259.855889347826
Oct19,25,300,5017.423056,1314.640656683369,7638.028956521741,6156.251338956523,0.194,6,242.96871148679998,63.66147379989213,256.51047245652177
Oct19,26,301,5012.071608,1169.38532498822,7224.355565217391,5822.830585565217,0.194,5,242.70956761739998,56.62748436255455,242.61794106521737
Oct19,27,302,4987.517088,1271.6620358445148,7218.715826086955,5818.284955826086,0.194,10,241.52051498639995,61.58023408577063,242.4285398260869
Oct19,28,303,4725.97128,2144.31448849387,7228.180347826087,5825.913360347826,0.194,11,228.85515923399998,103.83842910531565,242.74639001449273
Oct19,29,304,4786.712256000001,1539.1880943117128,6288.388173913043,5068.440868173912,0.194,12,231.79654099680002,74.53518346704469,211.185036173913
Oct19,30,304,5769.969024,1788.7941859816417,5869.8421739130445,4731.092792173914,0.194,9,279.41074998719995,86.622358456161,197.12886634057975
Oct19,31,305,4898.019048,1783.979255959568,6545.066086956522,5275.323266086956,0.194,7,237.18657239939998,86.38919546984208,219.8051360869565
Nov19,1,307,5748.951384,1609.2587319683125,6885.421217391304,5439.48276173913,0.21,8,278.39297077019995,77.92835409556552,226.64511507246377
Nov19,2,308,4932.58416,1414.1728756630523,7521.866260869563,5942.274346086955,0.21,-1,238.860387948,68.4813215039833,247.5947644202898
Nov19,3,309,4930.290264,1619.5204083309645,7638.678086956521,6034.555688695651,0.21,-4,238.7493060342,78.42527577342695,251.43982036231878
Nov19,4,310,5758.952472,1671.3268595325194,7660.854608695652,6052.075140869565,0.21,-1,278.8772734566,80.93400317286225,252.16979753623187
Nov19,5,311,5880.491688,1489.3970277991386,6929.528608695653,5474.327600869566,0.21,-1,284.7628099914,72.12405107117328,228.09698336956524
Nov19,6,312,4948.445424,1318.5951453250977,6333.888695652175,5003.772069565218,0.21,-2,239.62846965719996,63.852969912367854,208.49050289855074
Nov19,7,313,6059.119344,1252.0588345436618,6619.763739130434,5229.613353913043,0.21,0,293.4128542332,60.630949062776814,217.90055641304346
Nov19,8,314,7022.63808,1484.3889595185497,6213.384608695652,4908.573840869565,0.21,3,340.07124902399994,71.88153536468576,204.52391003623188
Nov19,9,315,5878.2584879999995,1998.5623724811444,5841.620173913045,4614.879937391305,0.21,0,284.65466728139995,96.78038288739941,192.28666405797105
Nov19,10,316,6506.950871999999,1826.7314275593308,6846.9394782608715,5409.082187826089,0.21,-6,315.0990959765999,88.45946937956059,225.37842449275368
Nov19,11,317,7409.97912,1277.1130590782786,6990.893217391302,5522.805641739129,0.21,-10,358.82823888599995,61.844199885865635,230.11690173913038
Nov19,12,318,7457.381567999999,1353.512055393496,6736.433391304348,5321.782379130435,0.21,-5,361.1237024303999,65.54382128243005,221.74093246376813
Nov19,13,319,6655.42536,1817.4301936824295,6070.772347826088,4795.910154782609,0.21,-2,322.28897305799995,88.00905712907165,199.82958978260874
Nov19,14,320,6334.821456,1508.0623457701288,5204.506347826086,4111.560014782608,0.21,-5,306.76372900679996,73.02791909391848,171.315000615942
Nov19,15,321,7963.483536000001,1799.2758883841543,5296.25895652174,4184.044575652175,0.21,-13,385.63169023079996,87.12993489500268,174.33519065217396
Nov19,16,322,8552.25252,2297.04217171607,6261.619913043478,4946.679731304348,0.21,-16,414.142828281,111.23426716535067,206.1116554710145
Nov19,17,323,8535.276456,1395.2722316735553,6378.140608695652,5038.731080869566,0.21,-5,413.32076238179997,67.56605781879192,209.94712836956523
Nov19,18,324,8451.400704,1321.0904622410967,6010.0057391304335,4747.9045339130425,0.21,-2,409.25907909119996,63.9738056340251,197.8293555797101
Nov19,19,325,8705.510112,1372.5939043096598,6109.746,4826.69934,0.21,-15,421.5643271735999,66.46785981619527,201.1124725
Nov19,20,326,8344.799184,1557.7634413257424,5606.245217391305,4428.933721739131,0.21,-26,404.09690048519997,75.43469464619908,184.5389050724638
Nov19,21,327,6801.784512,1660.0330586039217,5339.20956521739,4217.975556521738,0.21,-22,329.3764149936,80.38710086289491,175.7489815217391
Nov19,22,328,6925.677815999999,1590.9787039401895,5468.487130434782,4320.104833043478,0.21,-18,335.3759482397999,77.04314373830367,180.00436804347825
Nov19,23,329,6715.631832,2695.740505722879,6193.865130434782,4893.153453043478,0.21,-18,325.2044714646,130.5412339896304,203.8813938768116
Nov19,24,330,7181.872127999999,2891.8414543209183,6346.9513043478255,5014.091530434782,0.21,-12,347.78215779839996,140.03742242549046,208.92048043478258
Nov19,25,331,7315.011648,2698.4816315459525,5578.093130434781,4406.693573043477,0.21,-10,354.22943905439996,130.67397300761274,183.61223221014487
Nov19,26,332,7135.426031999999,2420.6229859075033,3969.7924347826083,3136.1360234782605,0.21,-13,345.5330055995999,117.21866809257084,130.6723343115942
Nov19,27,333,6943.738152,2965.638193687072,4534.839130434783,3582.522913043479,0.21,-13,336.2505200106,143.61102952929645,149.2717880434783
Nov19,28,334,7055.504064,2145.594930600508,4728.9473913043485,3735.868439130435,0.21,-15,341.6627842992,103.9004345143296,155.66118496376814
Nov19,29,335,8166.243144,1500.0165130691958,4989.816695652174,3941.955189565217,0.21,-13,395.45032424819993,72.6382996453758,164.24813289855072
Nov19,30,336,7257.9864,2162.052365825346,5828.021826086956,4604.1372426086955,0.21,-15,351.4679914199999,104.69738581509237,191.83905177536232
Dec19,1,338,7690.4249039999995,1713.2744770379259,4740.420086956523,3768.6339691304356,0.205,-17,372.4088259762,82.96531655056155,157.02641538043483
Dec19,2,339,8169.804096,1560.3810518206233,5542.508434782609,4406.294205652174,0.205,-13,395.62276334879994,75.56145243441368,183.59559190217394
Dec19,3,340,8330.199120000001,1841.7028030402512,6137.93,4879.654350000001,0.205,-10,403.389892386,89.18445823722415,203.31893125000002
Dec19,4,341,7341.353736000001,1849.6028098483207,5680.763565217392,4516.207034347827,0.205,-2,355.50505466580006,89.56701606690491,188.17529309782614
Dec19,5,342,6994.079736,2287.787020650751,6184.963130434782,4917.045688695652,0.205,-2,338.68831121579996,110.78608647501261,204.87690369565215
Dec19,6,343,6448.1428080000005,1779.602500080981,6143.187130434783,4883.833768695653,0.205,-2,312.2513154774,86.17725106642149,203.4930736956522
Dec19,7,344,6315.837816000001,1172.315806114277,6581.851826086955,5232.572201739129,0.205,-2,305.8444462398,56.769392911083855,218.02384173913038
Dec19,8,345,6930.534455999999,1460.050346785793,6614.970086956522,5258.9012191304355,0.205,0,335.61113103179997,70.70293804310201,219.1208841304348
Dec19,9,346,7278.507168,1788.0320324541085,6532.946695652172,5193.6926230434765,0.205,-2,352.46170961039996,86.5854511715902,216.40385929347818
Dec19,10,347,6812.523864000001,1381.2522250849909,6230.229217391305,4953.032227826087,0.205,-5,329.8964681142,66.88713899974069,206.37634282608698
Dec19,11,348,7335.763872,1208.0816551641196,5935.401913043479,4718.644520869566,0.205,-8,355.2343655016,58.50135415132249,196.61018836956524
Dec19,12,349,7225.992888,1331.0326904134224,5816.9220869565215,4624.453059130435,0.205,-11,349.91870560139995,64.45525803326997,192.68554413043478
Dec19,13,350,6750.063312,1379.6240452255213,6125.207826086957,4869.540221739131,0.205,-2,326.8718158836,66.80829439004586,202.89750923913047
Dec19,14,351,6507.684504000001,1978.0743781217498,5769.155565217391,4586.478674347826,0.205,-8,315.1346221062,95.78825176054572,191.1032780978261
Dec19,15,352,6351.03132,2768.818492192112,5971.6248695652175,4747.441771304348,0.205,-9,307.548691671,134.080035484403,197.8100738043478
Dec19,16,353,6791.460672,2284.3933270285506,7523.043217391303,5980.819357826086,0.205,-12,328.8764830416,110.62174686135755,249.20080657608693
Dec19,17,354,6850.972536000001,1420.58610515177,7595.348260869567,6038.301867391306,0.205,-15,331.7583450558,68.79188214197445,251.5959111413044
Dec19,18,355,7021.326312000001,1754.3628168571925,7525.973130434784,5983.148638695653,0.205,-15,340.0077266586,84.95501940630955,249.29785994565222
Dec19,19,356,7489.9490399999995,1104.413913895595,7626.086695652175,6062.738923043479,0.205,-8,362.7007822619999,53.48124378039418,252.6141217934783
Dec19,20,357,7040.8513920000005,1217.3903453407438,7703.913565217391,6124.611284347826,0.205,-6,340.9532286576,58.95212747312551,255.19213684782608
Dec19,21,358,7177.746168000001,1833.7104748124784,7711.518956521742,6130.657570434785,0.205,-1,347.5823581854,88.79742974279425,255.44406543478271
Dec19,22,359,8381.222328,2700.6579848395863,7665.435391304349,6094.021136086957,0.205,-7,405.8606912333999,130.77936291585695,253.91754733695655
Dec19,23,360,8145.768768,1526.551418615362,6438.626260869563,5118.707877391303,0.205,-13,394.4588525904,73.9232524464489,213.27949489130427
Dec19,24,361,6946.206552,1942.2163664378108,5082.019652173913,4040.2056234782603,0.205,-10,336.37005228059996,94.05182754475099,168.34190097826084
Dec19,25,362,7403.311319999999,2350.545918644659,5438.129652173915,4323.313073478263,0.205,-6,358.5053506709999,113.82518611036761,180.13804472826095
Dec19,26,363,7489.9490399999995,2234.2705444184508,6352.935565217393,5050.583774347828,0.205,-7,362.7007822619999,108.19455111346348,210.44099059782616
Dec19,27,364,7040.8513920000005,2104.1186029343353,6159.744608695653,4896.996963913045,0.205,-14,340.9532286576,101.89194334709516,204.04154016304355
Dec19,28,365,7177.746168000001,2694.0613428113925,5291.195913043479,4206.500750869565,0.205,-22,347.5823581854,130.45992052564168,175.27086461956523
Dec19,29,366,7323.676800000001,2208.4625872144297,5907.891478260868,4696.77372521739,0.205,-13,354.64904903999997,106.94480078585876,195.69890521739126
Dec19,30,367,7378.32,2786.0940934495593,5535.288347826088,4400.554236521741,0.205,-9,357.29514599999993,134.9166064752949,183.3564265217392
Dec19,31,368,7263.12,2758.1422370232467,5654.05147826087,4494.970925217392,0.205,-15,351.71658599999995,133.5630378278507,187.29045521739133
